X,Y,x,y,SYMBOLS,NO_IDX,CLR_IDX,NM_LEMBAR,NO_LEMBAR,PROJECT,NAME,FORMATION,CLASS_LITH,T_CLASS_EN,B_CLASS_EN,DESCRIP1,Shape_Leng,Shape_Area
102.7005602,-1.941115081,102.7005602,-1.941115081,Ct,1,CD5C5C,MUARA BUNGO,914,SUMAROX,Formasi Terantam,Terantam Formation,Metamorphic: quartzite,Metamorphism: regional: mid-grade,Metamorphism: regional: mid-grade,CARBONACEOUS,0.846261413,7.43E-03
101.2236482,-0.991731243,101.2236482,-0.991731243,d,2,#FFA07A,PAINAN,814,SUMAROX,"Diabas, Basal","Diabas, Basalt",Intrusive: mafic,Metamorphism: regional: low-grade,Metamorphism: regional: low-grade,PERMO-CARBONACEOUS,0.129827792,6.93E-04
101.1212707,-0.732994177,101.1212707,-0.732994177,d,3,#FFA07A,SOLOK,815,SUMAROX,"Diabas, Basal","Diabas, Basalt",Intrusive: mafic,Metamorphism: regional: low-grade,Metamorphism: regional: low-grade,PERMO-CARBONACEOUS,0.442200479,1.19E-03
102.9019617,-2.688371563,102.9019617,-2.688371563,Danau,4,#FF8C00,BANGKO,913,,,,,,,,9.18E-02,1.14E-04
101.4820244,-2.148495022,101.4820244,-2.148495022,Danau,4,#FF8C00,SUNGAIPENUH,813,,,,,,,,0.246184928,3.40E-03
100.998208,-0.580213976,100.998208,-0.580213976,g,5,#FFA500,SOLOK,815,SUMAROX,Granit,Granite,Intrusive: felsic: granitoid,Plutonism: sub-volcanic,Plutonism: sub-volcanic,TRIASSIC,3.921863591,5.48E-02
102.4064043,-2.443828862,102.4064043,-2.443828862,Ja,6,#EE82EE,BANGKO,913,SUMAROX,Formasi Asai,Asai Formation,Metamorphic: met-sediment,Metamorphism: regional: low-grade,Metamorphism: regional: low-grade,LATE JURASSIC,3.71204875,9.69E-02
101.7405673,-2.081499845,101.7405673,-2.081499845,Ja,6,#EE82EE,SUNGAIPENUH,813,SUMAROX,Formasi Asai,Asai Formation,Metamorphic: met-sediment,Metamorphism: regional: low-grade,Metamorphism: regional: low-grade,LATE JURASSIC,2.707532712,5.46E-02
101.7424183,-1.632512064,101.7424183,-1.632512064,Jd,7,#E6E6FA,PAINAN,814,SUMAROX,Diorit,Diorite,Intrusive: intermediate,Plutonism: sub-volcanic,Plutonism: sub-volcanic,JURASSIC,0.580720426,2.82E-03
102.1323109,-1.985652706,102.1323109,-1.985652706,Jdo,8,#D8BFD8,MUARA BUNGO,914,SUMAROX,Diorit Horenblenda,Hornblende Diorite,Intrusive: intermediate,Plutonism: sub-volcanic,Plutonism: sub-volcanic,JURASSIC,6.33E-02,2.47E-04
102.6812399,-1.850224185,102.6812399,-1.850224185,Jgd,9,#DDA0DD,MUARA BUNGO,914,SUMAROX,Unit Granitoid,Granodiorite Unit,Intrusive: felsic: granitoid,Plutonism: batholith,Plutonism: batholith,JURASSIC,3.14E-02,6.45E-05
101.9795921,-1.69540032,101.9795921,-1.69540032,Jgr,10,#FFF8DC,MUARA BUNGO,914,SUMAROX,Granit,Granite,Intrusive: felsic,Plutonism: batholith,Plutonism: batholith,LATE JURASSIC,4.993072022,8.34E-02
101.3302615,-1.022817054,101.3302615,-1.022817054,Jgr,10,#FFF8DC,PAINAN,814,SUMAROX,Granit,Granite,Intrusive: felsic,Plutonism: batholith,Plutonism: batholith,LATE JURASSIC,9.475879688,0.15366081
104.3666577,-0.60805155,104.3666577,-0.60805155,Jgt,11,#DAA520,DABO,1015,SUMAROX,Granit Tanjungbuku,Tanjungbuku Granite,Intrusive: felsic: granitoid,Plutonism: sub-volcanic,Plutonism: sub-volcanic,JURASSIC,0.447864558,6.76E-03
102.7212762,-1.973342378,102.7212762,-1.973342378,Jpg,12,#B22222,MUARA BUNGO,914,SUMAROX,Unit Pegmatit,Pegmatite Unit,,,,JURASSIC,6.66E-02,2.01E-04
101.6005203,-1.953927365,101.6005203,-1.953927365,Js,13,#DC143C,MUARA BUNGO,914,SUMAROX,Sedimen Jura,Jurassic Sediment,Metamorphic: quartzite,Metamorphism: regional: low-grade,Metamorphism: regional: low-grade,JURASSIC,0.237840224,1.29E-03
102.8424397,-1.041686492,102.8424397,-1.041686492,Js,13,#DC143C,PAINAN,814,SUMAROX,Sedimen Jura,Jurassic Sediment,Metamorphic: quartzite,Metamorphism: regional: low-grade,Metamorphism: regional: low-grade,JURASSIC,1.058836441,5.30E-03
100.8641605,-1.225530609,100.8641605,-1.225530609,Jsl,14,#8B0000,PAINAN,814,SUMAROX,Limestone Member,Limestone Member,Sediment: chemical: evaporite,Sedimentation: neritic: shallow,Sedimentation: neritic: shallow,JURASSIC,2.67E-02,4.34E-05
102.0140968,-1.877636876,102.0140968,-1.877636876,Jsy,15,#DB7093,MUARA BUNGO,914,SUMAROX,Syenite,Syenite,Extrusive: mafic: lava,Volcanism: subaerial,Volcanism: subaerial,JURASSIC,5.11E-02,9.92E-05
101.9451396,-1.927601606,101.9451396,-1.927601606,Jt,16,#FFD700,PAINAN,814,SUMAROX,Formasi Tabir,Tabir Formation,Sediment: clastic: conglomerate,Sedimentation: littoral: transition,Sedimentation: littoral: transition,JURASSIC,0.378125003,4.92E-03
101.0015983,-1.146878319,101.0015983,-1.146878319,Kd,17,#FFDAB9,PAINAN,814,SUMAROX,Diorit,Diorite,Intrusive: intermediate,Plutonism: sub-volcanic,Plutonism: sub-volcanic,CRETACEOUS,0.631525376,4.18E-03
100.8429495,-0.982420139,100.8429495,-0.982420139,Kgr1,18,#4682B4,PAINAN,814,sum-0814,Granit Kapur,Cretaceous Granite,Intrusive: felsic: granitoid,Plutonism: batholith,Plutonism: batholith,LATE CRETACEOUS,3.28874325,3.07E-02
102.5405856,-2.696984989,102.5405856,-2.696984989,Kgra,19,#B0C4DE,BANGKO,913,SUMAROX,Granit Arai,Arai Granite,Intrusive: felsic,Plutonism: sub-volcanic,Plutonism: sub-volcanic,LATE CRETACEOUS,1.120710141,1.40E-02
102.3348504,-2.626256278,102.3348504,-2.626256278,KJp,20,#B0E0E6,BANGKO,913,SUMAROX,Formasi Peneta,Penete Formation,Sediment: clastic: fine: shale,Sedimentation: neritic: shallow,Sedimentation: neritic: shallow,JURASSIC-CRETACEOUS,3.07403645,4.07E-02
101.948985,-2.070889495,101.948985,-2.070889495,KJp,20,#B0E0E6,SUNGAIPENUH,813,SUMAROX,Formasi Peneta,Penete Formation,Sediment: clastic: fine: shale,Sedimentation: neritic: shallow,Sedimentation: neritic: shallow,JURASSIC-CRETACEOUS,1.328178038,8.84E-03
102.4759687,-2.674254941,102.4759687,-2.674254941,KJpm,21,#ADD8E6,BANGKO,913,SUMAROX,Anggota Mersip,Peneta Formation,Metamorphic: meta-sediment,Metamorphism: regional: low-grade,Metamorphism: regional: low-grade,JURASSIC-CRETACEOUS,0.486614617,1.95E-03
101.9138252,-2.017675894,101.9138252,-2.017675894,KJpm,21,#ADD8E6,SUNGAIPENUH,813,SUMAROX,Anggota Mersip,Peneta Formation,Metamorphic: meta-sediment,Metamorphism: regional: low-grade,Metamorphism: regional: low-grade,JURASSIC-CRETACEOUS,0.212867435,5.38E-04
102.4403802,-2.718776466,102.4403802,-2.718776466,KJr,22,#008080,BANGKO,913,SUMAROX,Formasi Rawas,Rawas Formation,Sediment: clastic: flysch,Neritic,Neritic,JURASSIC-CRETACEOUS,0.977696329,5.79E-03
101.3093335,-1.897424416,101.3093335,-1.897424416,Ks,23,#008B8B,PAINAN,814,SUMAROX,Formasi Siulak,Siular Formation,Sediment: clastic: fine: shale,Transition,Transition,CRETACEOUS,6.73E-02,1.54E-04
100.9521308,-1.32128641,100.9521308,-1.32128641,Kub,24,#8FBC8B,PAINAN,814,SUMAROX,Ultrabasa,Ultrabasic,Tectonite: ophiolite,Sedimentation: abyssal,Sedimentation: abyssal,CRETACEOUS,0.115578166,2.00E-04
103.6350581,-1.658882428,103.6350581,-1.658882428,Pasir,25,#66CDAA,JAMBI,1014,,,,,,,HOLOCENE,2.112208072,9.81E-03
101.1243036,-1.193667858,101.1243036,-1.193667858,Pb,26,#808000,PAINAN,814,SUMAROX,Formasi Barisan,Barisan Formation,Metamorphic: phyllite,Metamorphism: regional: low-grade,Metamorphism: regional: low-grade,PERMIAN,10.0488988,0.180852338
101.0092799,-1.066243993,101.0092799,-1.066243993,Pbl,27,#6B8E23,PAINAN,814,SUMAROX,Anggota Batugamping,Barisan Formation,Sediment: Reef: limestone,Littoral,Littoral,PERMIAN,14.01655278,4.69E-02
102.8375763,-1.17865179,102.8375763,-1.17865179,PCg,28,#ADFF2F,MUARA BUNGO,914,SUMAROX,Formasi Gangsal,Gangsal Formation,Metamorphic: slate,Metamorphism: regional: low-grade,Metamorphism: regional: low-grade,PERMO-CARBONACEOUS,0.509478617,5.09E-03
102.4577772,-1.065291565,102.4577772,-1.065291565,PCg,28,#ADFF2F,RENGAT,915,SUMAROX,Formasi Gangsal,Gangsal Formation,Metamorphic: slate,Metamorphism: regional: low-grade,Metamorphism: regional: low-grade,PERMO-CARBONACEOUS,2.32165609,4.61E-02
101.1515965,-0.737395007,101.1515965,-0.737395007,PCkl,29,#98FB98,SOLOK,815,SUMAROX,Anggota Batugamping,Kuantan Formation,Sediment: Reef: limestone,Littoral: reef,Littoral: reef,PERMO-CARBONACEOUS,6.12158889,3.78E-02
101.5311059,-0.895290141,101.5311059,-0.895290141,PCkq,30,#90EE90,SOLOK,815,SUMAROX,Anggota Bawah,Kuantan Formation,Metamorphic: met-sediment,Metamorphism: regional: low-grade,Metamorphism: regional: low-grade,PERMO-CARBONACEOUS,1.134015235,7.64E-03
101.097935,-0.729260187,101.097935,-0.729260187,PCks1,31,#00FA9A,SOLOK,815,SUMAROX,Anggota Filit dan Serpih,Kuantan Formation,Metamorphic: meta-sediment,Metamorphism: regional: low-grade,Metamorphism: regional: low-grade,PERMO-CARBONACEOUS,6.807735254,4.01E-02
102.7738283,-1.062603513,102.7738283,-1.062603513,PCm,32,#00FF7F,RENGAT,915,SUMAROX,Formasi Mentulu,Mentulu Formation,Sediment: clastic: fine: claystone,Sedimentation: neritic,Sedimentation: neritic,PERMO-CARBONACEOUS,3.825002972,5.50E-02
102.7946704,-1.235604108,102.7946704,-1.235604108,PCmc,33,#3CB371,MUARA BUNGO,814,SUMAROX,Anggota Condong,Mentulu Formation,Extrusive: felsic: pyroclastic,Volcanism: subaerial,Volcanism: subaerial,PERMO-CARBONACEOUS,7.68E-02,2.71E-04
102.7693701,-1.011839696,102.7693701,-1.011839696,PCmc,33,#3CB371,RENGAT,915,SUMAROX,Anggota Condong,Mentulu Formation,Extrusive: felsic: pyroclastic,Volcanism: subaerial,Volcanism: subaerial,PERMO-CARBONACEOUS,0.28335084,1.83E-03
104.4855922,-0.592382399,104.4855922,-0.592382399,PCmp,34,#2E8B57,DABO,1015,SUMAROX,Kuarsit Bukit Duabelas,Duabelas Bukit Quartzite,Metamorphic: phyllite,Metamorphism: regional: low-grade,Metamorphism: regional: low-grade,PERMO-CARBONACEOUS,4.350520684,4.07E-02
101.8577953,-1.942098361,101.8577953,-1.942098361,Pcn,35,#228B22,PAINAN,814,SUMAROX,Ngaol Formation,Ngaol Formation,Metamorphic: gneiss,Metamorphism: regional: mid-grade,Metamorphism: regional: mid-grade,PERMO-CARBONACEOUS,0.837511947,3.73E-03
101.8838278,-1.972667232,101.8838278,-1.972667232,Pcnl,36,#9ACD32,PAINAN,814,SUMAROX,Meta-Limestone Member,Ngaol Formation,Metamorphic: meta-sediment,Metamorphism: regional: low-grade,Metamorphism: regional: low-grade,PERMO-CARBONACEOUS,0.158062647,2.86E-04
102.4854494,-0.987767096,102.4854494,-0.987767096,PCp,37,#6B8E23,RENGAT,915,SUMAROX,Formasi Pengabuhan,Pengabuhan Formation,Sediment: clastic: sandstone,Sedimentation: neritic,Sedimentation: littoral,PERMO-CARBONACEOUS,2.890271512,6.23E-02
102.3837785,-2.297490227,102.3837785,-2.297490227,Pm,38,#808000,BANGKO,913,SUMAROX,Formasi Mengkarang,Mengkarang Formation,Sediment: clastic: sandstone,Sedimentation: neritic: shallow,Sedimentation: neritic: shallow,PERMIAN,0.811310586,3.61E-03
102.1020626,-1.941084714,102.1020626,-1.941084714,Pm,38,#808000,MUARA BUNGO,914,SUMAROX,Formasi Mengkarang,Mengkarang Formation,Sediment: clastic: sandstone,Sedimentation: neritic: shallow,Sedimentation: neritic: shallow,PERMIAN,0.608096953,7.92E-03
102.0097959,-1.884073154,102.0097959,-1.884073154,Pp,39,#556B2F,BANGKO,913,SUMAROX,Formasi Palepat,Palepat Formation,Extrusive: intermediate: lava,Volcanism: subaerial,Volcanism: subaerial,EARLY PERMIAN,4.549844225,6.72E-02
102.1032293,-1.890702097,102.1032293,-1.890702097,Pp,39,#556B2F,MUARA BUNGO,914,SUMAROX,Formasi Palepat,Palepat Formation,Extrusive: intermediate: lava,Volcanism: subaerial,Volcanism: subaerial,EARLY PERMIAN,0.619540347,2.36E-03
102.8069965,-1.027727755,102.8069965,-1.027727755,Pp,39,#556B2F,PAINAN,814,SUMAROX,Formasi Palepat,Palepat Formation,Extrusive: intermediate: lava,Volcanism: subaerial,Volcanism: subaerial,EARLY PERMIAN,6.04E-02,8.32E-05
101.2629722,-1.114235252,101.2629722,-1.114235252,Pp,39,#556B2F,PAINAN,914,SUMAROX,Formasi Palepat,Palepat Formation,Extrusive: intermediate: lava,Volcanism: subaerial,Volcanism: subaerial,EARLY PERMIAN,1.195871471,8.27E-03
100.7975416,-0.750006685,100.7975416,-0.750006685,Ps2,40,#66CDAA,SOLOK,815,SUMAROX,Formasi Silungkang,Silungkang Formatrion,Extrusive: intermediate: polymict,Volcanism: submarine,Volcanism: submarine,PERMO-CARBONACEOUS,1.1624561,6.01E-03
100.7812281,-0.737356969,100.7812281,-0.737356969,Psl,41,#8FBC8B,SOLOK,815,SUMAROX,Anggota Batugamping Formasi Silungkang,Silungkang Formation,Sediment: clastic: limestone,Littoral,Littoral,PERMO-CARBONACEOUS,0.485565223,1.25E-03
102.0848559,-1.95832901,102.0848559,-1.95832901,pTab,42,#20B2AA,MUARA BUNGO,914,SUMAROX,Andesit dan Basalt,,Extrusive: intermediate: lava,Volcanism: subaerial,Volcanism: subaerial,CRETACEOUS,0.201398578,4.65E-04
102.025727,-1.920807114,102.025727,-1.920807114,pTdb,43,#008B8B,MUARA BUNGO,914,SUMAROX,Diabas,Diabase,Intrusive: mafic,Plutonism: sub-volcanic,Plutonism: sub-volcanic,CRETACEOUS,0.147446601,4.20E-04
101.5245173,-0.770238534,101.5245173,-0.770238534,Puku,44,#008080,PAKANBARU,816,SUMAROX,Formasi Kuantan,Kuantan Formation,Metamorphic: phyllite,Metamorphism: regional: low-grade,Metamorphism: regional: low-grade,PERMO-CARBONACEOUS,15.02156404,0.24236995
102.7291965,-2.248745622,102.7291965,-2.248745622,Qa,45,#1DDDF2,BANGKO,913,SUMAROX,Alluvium,Alluvium,Sediment: clastic: alluvium,Terrestrial: alluvial,Terrestrial: alluvial,HOLOCENE,5.603741032,8.26E-02
104.4520148,-0.586131434,104.4520148,-0.586131434,Qa,45,#1DDDF2,DABO,1015,SUMAROX,Alluvium,Alluvium,Sediment: clastic: alluvium,Terrestrial: alluvial,Terrestrial: alluvial,HOLOCENE,4.074001019,2.01E-02
104.2118188,-1.50916764,104.2118188,-1.50916764,Qa,45,#1DDDF2,JAMBI,1014,SUMAROX,Alluvium,Alluvium,Sediment: clastic: alluvium,Terrestrial: alluvial,Terrestrial: alluvial,HOLOCENE,10.46961335,0.350128654
102.1981925,-1.179950259,102.1981925,-1.179950259,Qa,45,#1DDDF2,MUARA BUNGO,814,SUMAROX,Alluvium,Alluvium,Sediment: clastic: alluvium,Terrestrial: alluvial,Terrestrial: alluvial,HOLOCENE,0.812152449,5.00E-03
101.9943979,-1.605192818,101.9943979,-1.605192818,Qa,45,#1DDDF2,MUARA BUNGO,914,SUMAROX,Alluvium,Alluvium,Sediment: clastic: alluvium,Terrestrial: alluvial,Terrestrial: alluvial,,5.54E-02,1.17E-04
101.9964666,-1.539633118,101.9964666,-1.539633118,Qa,45,#1DDDF2,MUARA BUNGO,914,SUMAROX,Alluvium,Alluvium,Sediment: clastic: alluvium,Terrestrial: alluvial,Terrestrial: alluvial,HOLOCENE,10.91878874,7.25E-02
103.7014784,-1.108737519,103.7014784,-1.108737519,Qa,45,#1DDDF2,PADANG,1715,SUMAROX,Alluvium,Alluvium,Sediment: clastic: alluvium,Terrestrial: alluvial,Terrestrial: alluvial,HOLOCENE,1.474409816,1.42E-02
104.6655361,-2.441867604,104.6655361,-2.441867604,Qa,45,#1DDDF2,PALEMBANG,1013,SUMAROX,Alluvium,Alluvium,Sediment: clastic: alluvium,Terrestrial: alluvial,Terrestrial: alluvial,HOLOCENE,1.318014825,1.02E-02
100.9989669,-2.119291344,100.9989669,-2.119291344,Qa,45,#1DDDF2,SUNGAIPENUH,813,SUMAROX,Alluvium,Alluvium,Sediment: clastic: alluvium,Terrestrial: alluvial,Terrestrial: alluvial,HOLOCENE,9.958357967,0.140369204
103.3759011,-0.658770307,103.3759011,-0.658770307,Qac,46,#D8BFD8,RENGAT,915,SUMAROX,Endapan aluvium dan pantai,Alluvial and coastal deposites,Sediment: clastic: alluvium,Sedimentation: terrestrial: fluvial,Sedimentation: terrestrial: fluvial,UPPER PLEISTOCENE,5.55642597,4.78E-02
101.9412431,-1.183288731,101.9412431,-1.183288731,Qal,47,#DA70D6,PAINAN,814,sum-0814,Alluvium,Alluvium,Sediment: clastic: alluvium,Sedimentation: terrestrial: alluvial,Sedimentation: terrestrial: alluvial,HOLOCENE,12.44260345,0.156912759
100.9860653,-2.195350855,100.9860653,-2.195350855,Qas,48,#FF00FF,SUNGAIPENUH,813,SUMAROX,Endapan Danau,Swamp Deposite,Sediment: clastic: alluvium,Terrestrial: alluvial,Terrestrial: alluvial,HOLOCENE,2.360901818,4.42E-02
101.5372665,-1.009760076,101.5372665,-1.009760076,Qat2,49,#FFFFE0,PAINAN,814,SUMAROX,Undak Alluvium,Alluvium Terraces,Sediment: clastic: alluvium,Terrestrial: alluvial,Terrestrial: alluvial,HOLOCENE,0.354508764,3.64E-03
103.7691728,-1.24729071,103.7691728,-1.24729071,Qb,50,#ffc0cb,JAMBI,1014,SUMAROX,Lava Basal,Basaltic Lava,Extrusive: mafic: lava,Volcanism: subaerial,Volcanism: subaerial,PLEISTOCENE,9.12E-02,4.85E-04
100.7629416,-0.734617522,100.7629416,-0.734617522,qd,51,#FFFACD,SOLOK,815,SUMAROX,Diorit Kuarsa,Quartz Diorite,Intrusive: intermediate,Plutonism: sub-volcanic,Plutonism: sub-volcanic,TRIASSIC,0.403502294,1.16E-03
102.2580105,-0.918768223,102.2580105,-0.918768223,Qf,52,#FAFAD2,RENGAT,915,SUMAROX,Kipas Aluvium,Piedmont fan,Sediment: clastic: conglomerate,Terrestrial: alluvial,Terrestrial: alluvial,HOLOCENE,0.366441488,1.33E-03
100.7712307,-0.856476404,100.7712307,-0.856476404,Qf,52,#FAFAD2,SOLOK,815,SUMAROX,Kipas Aluvium,Piedmont fan,Sediment: clastic: conglomerate,Terrestrial: alluvial,Terrestrial: alluvial,HOLOCENE,0.758346598,1.21E-02
101.8756601,-2.401145351,101.8756601,-2.401145351,Qhvma,53,#F08080,SUNGAIPENUH,813,SUMAROX,Gunungapi Masurai,Masurai Volcanics,Extrusive: intermediate: polymict,Volcanism: subaerial,Volcanism: subaerial,UPPER PLEISTOCENE,3.13704578,0.118257485
102.6021713,-1.587873487,102.6021713,-1.587873487,Qoa,54,#FFA07A,PAINAN,814,SUMAROX,Undifferentiated Volcanic Breccia,Undifferentiated Volcanic Breccia,Extrusive: intermediate: lava,Volcanism: subaerial,Volcanism: subaerial,HOLOCENE,0.741894205,2.10E-02
101.4000139,-1.811972343,101.4000139,-1.811972343,Qoa,54,#FFA07A,PAINAN,914,SUMAROX,Undifferentiated Volcanic Breccia,Undifferentiated Volcanic Breccia,Extrusive: intermediate: lava,Volcanism: subaerial,Volcanism: subaerial,HOLOCENE,0.393839762,4.16E-03
100.9646569,-1.506748541,100.9646569,-1.506748541,Qol,55,#DC143C,PAINAN,814,SUMAROX,Lava,Lava,Extrusive: intermediate: lava,,,PLEISTOCENE,2.230725374,2.78E-02
101.689764,-1.677005523,101.689764,-1.677005523,Qou,56,#FF69B4,MUARA BUNGO,914,SUMAROX,Undifferentiated Acid Volcanic Rocks,Undifferentiated Acid Volcanic Rocks,Extrusive: intermediate: pyroclastic,Volcanism: subaerial,Volcanism: subaerial,HOLOCENE,0.174664511,9.27E-04
101.707442,-1.942664144,101.707442,-1.942664144,Qou,56,#FF69B4,PAINAN,814,SUMAROX,Undifferentiated Acid Volcanic Rocks,Undifferentiated Acid Volcanic Rocks,Extrusive: intermediate: pyroclastic,Volcanism: subaerial,Volcanism: subaerial,HOLOCENE,0.40975256,5.10E-03
101.5846493,-1.799655294,101.5846493,-1.799655294,Qou,56,#FF69B4,PAINAN,914,SUMAROX,Undifferentiated Acid Volcanic Rocks,Undifferentiated Acid Volcanic Rocks,Extrusive: intermediate: pyroclastic,Volcanism: subaerial,Volcanism: subaerial,HOLOCENE,2.224263309,2.38E-02
100.793893,-0.595142693,100.793893,-0.595142693,Qp1,57,#FF1493,SOLOK,815,SUMAROX,Kuarsa Porphyry,Quartz Porphyry,Intrusive: felsic: granitoid,Plutonism: batholith,Plutonism: batholith,TRIASSIC,1.379614456,6.20E-03
102.0931222,-1.610270202,102.0931222,-1.610270202,Qpb,58,#DB7093,MUARA BUNGO,914,sum-0914,Formasi Bukitpunjung,Bukit Punjung Formation,Extrusive: mafic: polymict,Volcanism: subaerial,Volcanism: subaerial,PLEISTOCENE,0.457089608,2.47E-03
101.4710103,-0.557084878,101.4710103,-0.557084878,Qpmi,59,#FFA500,PAKANBARU,816,SUMAROX,Formasi Minas,Minas Formation,Sediment: clastic: fine: mudstone,Littoral,Terrestrial: fluvial,PLEISTOCENE,26.13916678,0.502891643
100.840428,-0.54369535,100.840428,-0.54369535,Qpt2,60,#00FFFF,SOLOK,815,SUMAROX,Tufa Batuapung dan Andesit (Basal),Pumice Tuff and Andesite (Basalt),Extrusive: intermediate: pyroclastic,Volcanism: subaerial,Volcanism: subaerial,PLEISTOCENE,3.920073901,2.69E-02
102.9482032,-1.274747021,102.9482032,-1.274747021,Qrt,61,#E0FFFF,MUARA BUNGO,914,SUMAROX,Endapan Teras Sungai,River Terrace Deposits,Sediment: clastic: alluvium,Sedimentation: terrestrial: fluvial,Sedimentation: terrestrial: fluvial,UPPER PLEISTOCENE,0.325754999,1.46E-03
102.4480223,-0.567652775,102.4480223,-0.567652775,Qrt,61,#E0FFFF,RENGAT,915,SUMAROX,Endapan Teras Sungai,River Terrace Deposits,Sediment: clastic: alluvium,Sedimentation: terrestrial: fluvial,Sedimentation: terrestrial: fluvial,UPPER PLEISTOCENE,7.904641668,9.34E-02
102.9591814,-2.754302517,102.9591814,-2.754302517,Qs,62,#fcf75e,BANGKO,913,SUMAROX,Endapan Danau,Swamp Deposite,Sediment: clastic: alluvium,Terrestrial: alluvial,Terrestrial: alluvial,HOLOCENE,4.901045349,0.152353577
104.3385604,-0.57332028,104.3385604,-0.57332028,Qs,62,#fcf75e,DABO,1015,SUMAROX,Endapan Danau,Swamp Deposite,Sediment: clastic: alluvium,Terrestrial: alluvial,Terrestrial: alluvial,HOLOCENE,32.92974927,0.451271056
104.3965703,-1.942398098,104.3965703,-1.942398098,Qs,62,#fcf75e,JAMBI,1014,SUMAROX,Endapan Danau,Swamp Deposite,Sediment: clastic: alluvium,Terrestrial: alluvial,Terrestrial: alluvial,HOLOCENE,49.61251767,2.360283029
102.3657107,-1.937472071,102.3657107,-1.937472071,Qs,62,#fcf75e,MUARA BUNGO,914,SUMAROX,Endapan Danau,Swamp Deposite,Sediment: clastic: alluvium,Terrestrial: alluvial,Terrestrial: alluvial,HOLOCENE,0.736796454,9.55E-03
103.9490884,-2.844041912,103.9490884,-2.844041912,Qs,62,#fcf75e,PALEMBANG,1013,SUMAROX,Endapan Danau,Swamp Deposite,Sediment: clastic: alluvium,Terrestrial: alluvial,Terrestrial: alluvial,HOLOCENE,1.113512185,1.26E-02
103.0505427,-0.631458751,103.0505427,-0.631458751,Qs,62,#fcf75e,RENGAT,915,SUMAROX,Endapan Danau,Swamp Deposite,Sediment: clastic: alluvium,Terrestrial: alluvial,Terrestrial: alluvial,HOLOCENE,35.86399178,0.929090251
101.3472658,-2.684275674,101.3472658,-2.684275674,QTb,63,#7FFFD4,SUNGAIPENUH,813,SUMAROX,Formasi Bitunan,Bintunan Formation,Sediment: clastic: conglomerate,Terrestrial: fluvial,Terrestrial: fluvial,PLIO-PLEISTOCENE,7.452985274,0.282988818
102.3199947,-2.002730649,102.3199947,-2.002730649,QTk,64,#ffa500,BANGKO,913,SUMAROX,Formasi Kasai,Kasai Formation,Sediment: clastic: sandstone,Sedimentation: terrestrial: fluvial: bar,Sedimentation: terrestrial: fluvial: bar,PLIO-PLEISTOCENE,30.53424605,0.843844335
104.018786,-1.897568758,104.018786,-1.897568758,QTk,64,#ffa501,JAMBI,1014,SUMAROX,Formasi Kasai,Kasai Formation,Sediment: clastic: sandstone,Sedimentation: terrestrial: fluvial: bar,Sedimentation: terrestrial: fluvial: bar,PLIO-PLEISTOCENE,22.301772,0.386247773
102.2572856,-1.446893903,102.2572856,-1.446893903,QTk,64,#ffa502,MUARA BUNGO,914,SUMAROX,Formasi Kasai,Kasai Formation,Sediment: clastic: sandstone,Sedimentation: terrestrial: fluvial: bar,Sedimentation: terrestrial: fluvial: bar,PLIO-PLEISTOCENE,11.5443217,0.249090276
101.5745769,-1.090750159,101.5745769,-1.090750159,QTk,64,#ffa503,PAINAN,814,SUMAROX,Formasi Kasai,Kasai Formation,Sediment: clastic: sandstone,Sedimentation: terrestrial: fluvial: bar,Sedimentation: terrestrial: fluvial: bar,PLIO-PLEISTOCENE,2.582986602,6.62E-02
103.8063265,-2.286558134,103.8063265,-2.286558134,QTk,64,#ffa504,PALEMBANG,1013,SUMAROX,Formasi Kasai,Kasai Formation,Sediment: clastic: sandstone,Sedimentation: terrestrial: fluvial: bar,Sedimentation: terrestrial: fluvial: bar,PLIO-PLEISTOCENE,3.337815705,3.19E-02
102.5891663,-0.749609832,102.5891663,-0.749609832,QTk,64,#ffa505,RENGAT,915,SUMAROX,Formasi Kasai,Kasai Formation,Sediment: clastic: sandstone,Sedimentation: terrestrial: fluvial: bar,Sedimentation: terrestrial: fluvial: bar,PLIO-PLEISTOCENE,0.884559245,5.22E-03
102.4033363,-0.548552835,102.4033363,-0.548552835,QTke,65,#40E0D0,RENGAT,915,SUMAROX,Formasi Kerumutan,Kerumutan Formation,Sediment: clastic: sandstone,Terrestrial: fluvial,Terrestrial: fluvial,PLIO-PLEISTOCENE,6.277893221,0.10175475
101.550318,-2.15444879,101.550318,-2.15444879,QTpe,66,#00CED1,SUNGAIPENUH,813,SUMAROX,Formasi Pengasih,Pengasih Formation,Sediment: clastic: fine: claystone,Sedimentation: terrestrial: fluvial,Sedimentation: terrestrial: fluvial,PLIO-PLEISTOCENE,0.651920281,6.35E-03
101.7188781,-0.625501647,101.7188781,-0.625501647,QTpu,67,#48D1CC,SOLOK,815,SUMAROX,Anggota Atas,Palembang Formation,Extrusive: felsic: pyroclastic,Volcanism: subaerial,Volcanism: subaerial,PLIO-PLEISTOCENE,7.225564772,0.144499318
102.1513476,-2.369423411,102.1513476,-2.369423411,QTv,68,#5F9EA0,BANGKO,913,SUMAROX,Batuan Gunungapi Rhyo-andesite,Rhyoandesite Volcanic Unit,Extrusive: intermediate: polymict,Volcanism: subaerial,Volcanism: subaerial,PLIO-PLEISTOCENE,0.28378241,3.92E-03
101.545133,-2.50379922,101.545133,-2.50379922,QTv,68,#5F9EA0,SUNGAIPENUH,813,SUMAROX,Batuan Gunungapi Rhyo-andesite,Rhyoandesite Volcanic Unit,Extrusive: intermediate: polymict,Volcanism: subaerial,Volcanism: subaerial,PLIO-PLEISTOCENE,5.53202151,0.158997917
102.0262384,-2.469581679,102.0262384,-2.469581679,Qv,69,#cd853f,BANGKO,913,SUMAROX,Batuan Gunungapi Kuarter,Quarternary Volcanic,Extrusive: intermediate: polymict,Volcanism: subaerial,Volcanism: subaerial,HOLOCENE,1.025113415,7.40E-03
103.8151677,-1.217616515,103.8151677,-1.217616515,Qv,69,#cd853f,JAMBI,1014,SUMAROX,Batuan Gunungapi Kuarter,Quarternary Volcanic,Extrusive: intermediate: polymict,Volcanism: subaerial,Volcanism: subaerial,HOLOCENE,0.137305222,7.55E-04
101.4776408,-1.846475237,101.4776408,-1.846475237,Qv,69,#cd853f,PAINAN,814,SUMAROX,Batuan Gunungapi Kuarter,Quarternary Volcanic,Extrusive: intermediate: polymict,Volcanism: subaerial,Volcanism: subaerial,HOLOCENE,7.835061257,0.193722398
100.9913457,-1.810706302,100.9913457,-1.810706302,Qv,69,#cd853f,PAINAN,914,SUMAROX,Batuan Gunungapi Kuarter,Quarternary Volcanic,Extrusive: intermediate: polymict,Volcanism: subaerial,Volcanism: subaerial,HOLOCENE,13.50474162,0.355941506
101.8282069,-2.784965457,101.8282069,-2.784965457,Qv,69,#cd853f,SUNGAIPENUH,813,SUMAROX,Batuan Gunungapi Kuarter,Quarternary Volcanic,Extrusive: intermediate: polymict,Volcanism: subaerial,Volcanism: subaerial,HOLOCENE,1.855387521,3.03E-02
101.4165355,-1.695958967,101.4165355,-1.695958967,Qyl,70,#ADD8E6,PAINAN,914,SUMAROX,Lava,Lava,Extrusive: intermediate: lava,Volcanism: subaerial,Volcanism: submarine,HOLOCENE,1.573529006,2.17E-02
101.6584422,-1.874919988,101.6584422,-1.874919988,Qyu,71,#87CEEB,MUARA BUNGO,914,SUMAROX,Undifferentiated Volcanic Rock,Undifferentiated Volcanic Rock,Extrusive: intermediate: polymict,Volcanism: subaerial,Volcanism: subaerial,UPPER PLEISTOCENE,0.115553738,6.97E-04
100.7717496,-1.014597686,100.7717496,-1.014597686,Qyu,71,#87CEEB,PAINAN,814,SUMAROX,Undifferentiated Volcanic Rock,Undifferentiated Volcanic Rock,Extrusive: intermediate: polymict,Volcanism: subaerial,Volcanism: subaerial,UPPER PLEISTOCENE,0.95713277,2.55E-02
101.801896,-0.879611248,101.801896,-0.879611248,Ta,72,#87CEFA,SOLOK,815,SUMAROX,Andesit - Basal,Andesite to Basalt,Extrusive: intermediate: polymict,Volcanism: subaerial,Volcanism: subaerial,MIOCENE,1.234158717,7.91E-03
101.8302191,-1.968197531,101.8302191,-1.968197531,Tb,73,#00BFFF,PAINAN,914,SUMAROX,Formasi Bandan,Bandan Formation,Extrusive: intermediate: pyroclastic,Volcanism: subaerial,Volcanism: subaerial,EOCENE,9.40E-02,5.73E-04
101.386688,-1.964187231,101.386688,-1.964187231,Tb,73,#00BFFF,SUNGAIPENUH,813,SUMAROX,Formasi Bandan,Bandan Formation,Extrusive: intermediate: pyroclastic,Volcanism: subaerial,Volcanism: subaerial,EOCENE,0.653723672,4.84E-03
100.8607573,-1.828793958,100.8607573,-1.828793958,Tdb,74,#1E90FF,PAINAN,914,SUMAROX,Diabas,Diabase,Intrusive: mafic,Plutonism: sub-volcanic,Plutonism: sub-volcanic,MIOCENE,0.156435916,5.39E-04
102.3224075,-1.031752459,102.3224075,-1.031752459,Teok,75,#6495ED,MUARA BUNGO,914,SUMAROX,Formasi Kelesa,Kelesa Formation,Sediment: clastic: conglomerate,Transition,Transition,EOCENE-OLIGOCENE,8.05E-02,1.67E-04
102.542935,-1.009908969,102.542935,-1.009908969,Teok,75,#6495ED,RENGAT,915,SUMAROX,Formasi Kelesa,Kelesa Formation,Sediment: clastic: conglomerate,Transition,Transition,EOCENE-OLIGOCENE,0.379706836,1.62E-03
102.82,-1.435486893,102.82,-1.435486893,Teol,75,#6495ED,MUARA BUNGO,914,SUMAROX,Formasi Lahat,Lahat Formation,Sediment: clastic: conglomerate,Terrestrial: fluvial: deltaic,Terrestrial: fluvial: deltaic,EOCENE-OLIGOCENE,2.782958162,1.91E-02
101.13141,-1.877438526,101.13141,-1.877438526,Tgdr,76,#7B68EE,MUARA BUNGO,914,SUMAROX,Granodiorit,Granodiorite,Intrusive: felsic,Plutonism: sub-volcanic,Plutonism: sub-volcanic,MIDDLE MIOCENE,0.120491032,6.75E-04
100.9401829,-1.592537769,100.9401829,-1.592537769,Tgdr,76,#7B68EE,PAINAN,814,SUMAROX,Granodiorit,Granodiorite,Intrusive: felsic,Plutonism: sub-volcanic,Plutonism: sub-volcanic,MIDDLE MIOCENE,1.537183315,1.59E-02
102.3551282,-1.347088713,102.3551282,-1.347088713,Tgr,77,#4169E1,PAINAN,814,SUMAROX,Granit,Granite,Intrusive: felsic: granitoid,Plutonism: batholith,Plutonism: batholith,MIDDLE MIOCENE,2.588353077,1.92E-02
102.2059411,-2.39376129,102.2059411,-2.39376129,Tm,78,#000080,BANGKO,913,SUMAROX,Granit Seblat,Seblat Granite,Intrusive: felsic: granitoid,Plutonism: sub-volcanic,Plutonism: sub-volcanic,MIDDLE MIOCENE,2.746634599,1.40E-02
101.272833,-2.13168886,101.272833,-2.13168886,Tm,78,#000080,SUNGAIPENUH,813,SUMAROX,Granit Seblat,Seblat Granite,Intrusive: felsic: granitoid,Plutonism: sub-volcanic,Plutonism: sub-volcanic,MIDDLE MIOCENE,0.788310013,2.70E-03
103.5638613,-2.236219554,103.5638613,-2.236219554,Tma,79,#32cd32,BANGKO,913,SUMAROX,Formasi Air Benakat,Air Benakat Formation,Sediment: clastic: fine: claystone,Littoral,Neritic,MIDDLE MIOCENE,16.72846996,0.289814521
103.5533291,-1.393416394,103.5533291,-1.393416394,Tma,79,#32cd33,JAMBI,1014,SUMAROX,Formasi Air Benakat,Air Benakat Formation,Sediment: clastic: fine: claystone,Littoral,Neritic,MIDDLE MIOCENE,1.134762189,1.01E-02
103.2764737,-1.257815822,103.2764737,-1.257815822,Tma,79,#32cd34,MUARA BUNGO,914,SUMAROX,Formasi Air Benakat,Air Benakat Formation,Sediment: clastic: fine: claystone,Littoral,Neritic,MIDDLE MIOCENE,11.03074558,0.176803428
104.1948684,-2.820072519,104.1948684,-2.820072519,Tma,79,#32cd35,PALEMBANG,1013,SUMAROX,Formasi Air Benakat,Air Benakat Formation,Sediment: clastic: fine: claystone,Littoral,Neritic,MIDDLE MIOCENE,7.137365034,0.155364971
102.0641453,-0.636141339,102.0641453,-0.636141339,Tma,79,#32cd36,RENGAT,915,SUMAROX,Formasi Air Benakat,Air Benakat Formation,Sediment: clastic: fine: claystone,Littoral,Neritic,MIDDLE MIOCENE,5.066311306,2.84E-02
102.6056039,-2.826326402,102.6056039,-2.826326402,Tmba,80,#191970,BANGKO,913,SUMAROX,Formasi Bal,Bal Formation,Extrusive: intermediate: pyroclastic,Volcanism: subaerial,Volcanism: subaerial,MIDDLE MIOCENE,0.660812218,4.31E-03
103.0360092,-2.257184691,103.0360092,-2.257184691,Tmg,81,#F5DEB3,BANGKO,913,SUMAROX,Formasi Gumai,Gumai Formation,Sediment: clastic: fine: shale,Littoral,Neritic,LOWER MIOCENE,1.30973331,1.27E-02
102.8159675,-1.333947443,102.8159675,-1.333947443,Tmg,81,#F5DEB3,MUARA BUNGO,914,SUMAROX,Formasi Gumai,Gumai Formation,Sediment: clastic: fine: shale,Littoral,Neritic,LOWER MIOCENE,5.288792609,5.11E-02
101.7501866,-1.022264873,101.7501866,-1.022264873,Tmg,81,#F5DEB3,PAINAN,814,SUMAROX,Formasi Gumai,Gumai Formation,Sediment: clastic: fine: shale,Littoral,Neritic,LOWER MIOCENE,0.300185901,2.20E-03
104.3256815,-2.810351501,104.3256815,-2.810351501,Tmg,81,#F5DEB3,PALEMBANG,1013,SUMAROX,Formasi Gumai,Gumai Formation,Sediment: clastic: fine: shale,Littoral,Neritic,LOWER MIOCENE,1.216049007,5.92E-03
102.2318913,-0.781885247,102.2318913,-0.781885247,Tmg,81,#F5DEB3,RENGAT,915,SUMAROX,Formasi Gumai,Gumai Formation,Sediment: clastic: fine: shale,Littoral,Neritic,LOWER MIOCENE,4.197035972,2.49E-02
101.5033695,-2.063228923,101.5033695,-2.063228923,Tmk2,82,#DEB887,SUNGAIPENUH,813,SUMAROX,Formation Kumun,Kumun Formation,Sediment: clastic: sandstone,Sedimentation: terrestrial: fluvial,Sedimentation: terrestrial: fluvial,UPPER MIOCENE,1.129206047,7.73E-03
102.1398171,-2.569262225,102.1398171,-2.569262225,Tmk3,83,#D2B48C,BANGKO,913,SUMAROX,Formasi Kasiro,Kasiro Formation,Sediment: clastic: fine: shale,Sedimentation: littoral: transition,Sedimentation: terrestrial: fluvial,LOWER MIOCENE,0.939900391,5.26E-03
101.5870594,-2.856527326,101.5870594,-2.856527326,Tml3,84,#BC8F8F,SUNGAIPENUH,813,SUMAROX,Lemau Formation,Lemau Formation,Sediment: clastic: breccia,Transition,Transition,MIOCENE,12.83562891,0.155904954
101.0312995,-0.728904842,101.0312995,-0.728904842,Tmol,85,#F4A460,SOLOK,815,SUMAROX,Anggota Bawah,Ombilin Formation,Sediment: clastic: sandstone,Sedimentation: terrestrial: fluvial,Sedimentation: terrestrial: fluvial,OLIGO-MIOCENE,3.78204824,5.25E-02
100.9278092,-1.114909594,100.9278092,-1.114909594,Tmou,86,#A0522D,PAINAN,814,SUMAROX,Anggota Atas,Ombilin Formation,Sediment: clastic: fine: claystone,Sedimentation: littoral,Sedimentation: neritic: shallow,LOWER MIOCENE,0.578576622,7.70E-03
100.89357,-0.671107689,100.89357,-0.671107689,Tmou,86,#A0522D,SOLOK,815,SUMAROX,Anggota Atas,Ombilin Formation,Sediment: clastic: fine: claystone,Sedimentation: littoral,Sedimentation: neritic: shallow,LOWER MIOCENE,1.126221618,2.87E-02
102.7128922,-2.862383197,102.7128922,-2.862383197,Tmpl2,87,#800000,BANGKO,913,SUMAROX,LEMBAR BANGKO,,Sediment: clastic: limestone,Littoral,Littoral,LOWER MIOCENE,0.615841694,3.11E-03
102.6683941,-2.880133049,102.6683941,-2.880133049,Tmpm1,88,#b2ec5d,BANGKO,913,SUMAROX,Formasi Muara Enim,Muara Enim Formation,Sediment: clastic: sandstone,Sedimentation: littoral: transition,Sedimentation: neritic: shallow,MIOCENE-PLIOCENE,5.930273892,7.55E-02
103.6766608,-1.483363661,103.6766608,-1.483363661,Tmpm1,88,#b2ec5d,JAMBI,1014,SUMAROX,Formasi Muara Enim,Muara Enim Formation,Sediment: clastic: sandstone,Sedimentation: littoral: transition,Sedimentation: neritic: shallow,MIOCENE-PLIOCENE,2.02845531,1.34E-02
103.9845235,-1.799224019,103.9845235,-1.799224019,Tmpm1,88,#b2ec5d,MUARA BUNGO,914,SUMAROX,Formasi Muara Enim,Muara Enim Formation,Sediment: clastic: sandstone,Sedimentation: littoral: transition,Sedimentation: neritic: shallow,MIOCENE-PLIOCENE,38.51409229,0.838820145
104.0341809,-2.283203366,104.0341809,-2.283203366,Tmpm1,88,#b2ec5d,PALEMBANG,1013,SUMAROX,Formasi Muara Enim,Muara Enim Formation,Sediment: clastic: sandstone,Sedimentation: littoral: transition,Sedimentation: neritic: shallow,MIOCENE-PLIOCENE,10.1397684,0.151665337
101.9015727,-0.830135898,101.9015727,-0.830135898,Tmpm1,88,#b2ec5d,RENGAT,915,SUMAROX,Formasi Muara Enim,Muara Enim Formation,Sediment: clastic: sandstone,Sedimentation: littoral: transition,Sedimentation: neritic: shallow,MIOCENE-PLIOCENE,11.93854871,0.218158806
101.7757733,-1.361300741,101.7757733,-1.361300741,Tmr,89,#FFF5EE,PAINAN,814,SUMAROX,Formasi Rantaukil,Rantaukil Formation,Sediment: clastic: sandstone,Sedimentation: littoral: delta,Sedimentation: neritic: offshore zone,OLIGO-MIOCENE,1.539545466,2.29E-02
101.2583001,-0.626344806,101.2583001,-0.626344806,Tms2,90,#F5F5DC,LUBUKSIKAPING,716,SUMAROX,Formasi Sihapas,Sihapas Formation,Sediment: clastic: sandstone,Neritic,Littoral,MIDDLE MIOCENE,18.66514235,0.357302689
102.6025202,-0.85811329,102.6025202,-0.85811329,Tmt1,91,#FDF5E6,RENGAT,915,SUMAROX,Formasi Tualang,Tualang Formation,Sediment: clastic: sandstone,Sedimentation: littoral: lagoon,Sedimentation: littoral: lagoon,LOWER MIOCENE,3.462635991,1.01E-02
101.4320256,-0.890999005,101.4320256,-0.890999005,Tmtl,92,#FAEBD7,SOLOK,815,SUMAROX,Anggota Bawah Formasi Telisa,Telisa Formation,Sediment: clastic: marl,Littoral,Littoral,MIOCENE,5.947123734,5.71E-02
101.4043263,-0.568254121,101.4043263,-0.568254121,Tmtu,93,#FFF0F5,SOLOK,815,SUMAROX,Anggota Atas,Telisa Formation,Sediment: clastic: fine: shale,Neritic,Neritic,MIOCENE,3.051703317,2.26E-02
100.8094317,-0.566222055,100.8094317,-0.566222055,Tob2,94,#FFE4E1,SOLOK,815,SUMAROX,Formasi Brani,Brani Formation,Sediment: clastic: conglomerate,Terrestrial: fluvial: bar,Terrestrial: fluvial: bar,UPPER OLIGOCENE,2.573822942,1.33E-02
100.846953,-0.746516451,100.846953,-0.746516451,Tol,95,#FAF0E6,SOLOK,815,SUMAROX,anggota Batugamping,Ombilin Formation,Sediment: clactic: evaporite,Sedimentation: neritic: shallow,Sedimentation: neritic: shallow,OLIGO-MIOCENE,7.17E-02,1.37E-04
102.1568488,-2.754055636,102.1568488,-2.754055636,Tomh,96,#F0FFFF,BANGKO,913,SUMAROX,Formasi Hulusimpang,Hulusimpang Formation,Extrusive: intermediate: polymict,Volcanism: submarine,Volcanism: submarine,OLIGO-MIOCENE,7.03593293,0.200746231
101.3014918,-2.30163468,101.3014918,-2.30163468,Tomh,96,#F0FFFF,SUNGAIPENUH,813,SUMAROX,Formasi Hulusimpang,Hulusimpang Formation,Extrusive: intermediate: polymict,Volcanism: submarine,Volcanism: submarine,OLIGO-MIOCENE,4.69439907,5.83E-02
102.6017654,-0.886958777,102.6017654,-0.886958777,Toml,97,#F5FFFA,RENGAT,915,SUMAROX,Formasi Lakat,Lokat Formation,Sediment: clastic: sandstone,Sedimentation: terrestrial: fluvial,Sedimentation: terrestrial: fluvial,OLIGO-MIOCENE,4.239818007,4.13E-02
101.2734831,-1.932200922,101.2734831,-1.932200922,Tomp1,98,#F0F8FF,PAINAN,814,sum-0814,Oligo-Miocene Volcanic Rock,Oligo-Miocene Volcanic Rock,Extrusive: intermediate: polymict,Volcanism: subaerial,Volcanism: subaerial,OLIGO-MIOCENE,1.648747953,8.13E-03
102.2956391,-2.704897613,102.2956391,-2.704897613,Tomp2,99,#8B0000,BANGKO,913,SUMAROX,Formasi Papan Batupang,Papan Batupang Formation,Sediment: clastic: conglomerate,Sedimentation: terrestrial: fluvial,Sedimentation: terrestrial: fluvial,OLIGO-MIOCENE,2.238470434,2.26E-02
101.9158856,-2.897916076,101.9158856,-2.897916076,Toms,100,#B22222,SUNGAIPENUH,813,SUMAROX,Formasi Seblat,Seblat Formation,Sediment: clastic: sandstone,Sedimentation: neritic: shallow,Sedimentation: neritic: shallow,OLIGO-MIOCENE,1.601732769,4.34E-02
102.7691974,-1.371654816,102.7691974,-1.371654816,Tomt,101,#FF6347,MUARA BUNGO,914,SUMAROX,Formasi Talangakar,Talangakar Formation,Sediment: clastic: conglomerate,Sedimentation: terrestrial: fluvial,Sedimentation: terrestrial: fluvial,OLIGO-MIOCENE,3.621350898,2.67E-02
104.3724536,-2.795317696,104.3724536,-2.795317696,Tomt,101,#FF6347,PALEMBANG,1013,SUMAROX,Formasi Talangakar,Talangakar Formation,Sediment: clastic: conglomerate,Sedimentation: terrestrial: fluvial,Sedimentation: terrestrial: fluvial,OLIGO-MIOCENE,0.5270925,3.59E-03
100.7624556,-0.672148486,100.7624556,-0.672148486,Tos1,102,#FF8C00,SOLOK,815,SUMAROX,Formasi Sangkarewang,Sangkarewang Formation,Sediment: clastic: fine: shale,Sedimentation: terrestrial: lacustrine,Sedimentation: terrestrial: lacustrine,OLIGOCENE,1.147209591,7.08E-03
101.4664039,-1.43088229,101.4664039,-1.43088229,Tos2,103,#FF4500,PAINAN,814,SUMAROX,Formasi Sinamar,Sinamar Formation,Sediment: clastic: conglomerate,Sedimentation: littoral,Sedimentation: littoral,OLIGOCENE,3.098719389,7.53E-02
101.3820137,-2.036037051,101.3820137,-2.036037051,Tpb,104,#FF7F50,SUNGAIPENUH,813,SUMAROX,Basal,Basalt,Extrusive: mafic: lava,Volcanism: subaerial,Volcanism: subaerial,PLIOCENE,6.47E-02,1.02E-04
101.8672236,-2.082309,101.8672236,-2.082309,Tpegd,105,#FFA07A,SUNGAIPENUH,813,SUMAROX,Granodiorit Nagan,Nagan Granodiorite,Intrusive: felsic,Plutonism: sub-volcanic,Plutonism: sub-volcanic,LOWER EOCENE,0.632318914,8.08E-03
101.9289806,-2.753376839,101.9289806,-2.753376839,Tpgdl,106,#FFEFD5,SUNGAIPENUH,813,SUMAROX,Granodiorit Langkup,Langkup Granodiorite,Intrusive: intermediate,Plutonism: sub-volcanic,Plutonism: sub-volcanic,PLIOCENE,1.377493419,2.32E-02
101.3096965,-1.929547143,101.3096965,-1.929547143,Tpgds,107,#FFE4B5,SUNGAIPENUH,813,SUMAROX,Granit Sungaipenuh,Sungaipenuh Granite,Intrusive: felsic,Plutonism: sub-volcanic,Plutonism: sub-volcanic,PLIOCENE,0.781804171,6.09E-03
102.011642,-2.82983271,102.011642,-2.82983271,Tpgr,108,#6A5ACD,BANGKO,913,SUMAROX,Granit Seblat,Seblat Granite,Intrusive: felsic: granitoid,Plutonism: sub-volcanic,Plutonism: sub-volcanic,PLIOCENE,0.90062648,4.31E-03
101.2441433,-2.02903746,101.2441433,-2.02903746,Tpgr,108,#6A5ACD,SUNGAIPENUH,813,SUMAROX,Granit Seblat,Seblat Granite,Intrusive: felsic: granitoid,Plutonism: sub-volcanic,Plutonism: sub-volcanic,PLIOCENE,0.674731043,6.86E-03
101.8033815,-0.823283738,101.8033815,-0.823283738,Tpl,109,#663399,SOLOK,815,SUMAROX,Anggota Bawah,Palembang Formation,Sediment: clastic: fine: claystone,Neritic,Neritic,PLIOCENE,6.125997909,9.95E-02
101.8253188,-0.570583171,101.8253188,-0.570583171,Tpm,110,#BDB76B,SOLOK,815,SUMAROX,Anggota Tengah,Palembang Formation,Sediment: clastic: fine: claystone,Sedimentation: terrestrial: fluvial,Sedimentation: terrestrial: fluvial,PLIOCENE,2.827444151,2.31E-02
102.6512835,-0.955507579,102.6512835,-0.955507579,TRJg,111,#F0E68C,RENGAT,915,SUMAROX,Granit Akar,Akar Granite,Intrusive: felsic,Plutonism: sub-volcanic,Plutonism: sub-volcanic,JURASSIC,0.437533872,3.00E-03
101.9981079,-2.043636714,101.9981079,-2.043636714,TRJgt,112,#EEE8AA,BANGKO,913,SUMAROX,Granodiorit Tantan,Tantan Granodiorite,Intrusive: intermediate,Plutonism: sub-volcanic,Plutonism: sub-volcanic,TRIASSIC-JURASSIC,0.876960456,9.87E-03
100.7807516,-0.830056908,100.7807516,-0.830056908,TRtl,113,#FFEFD5,SOLOK,815,SUMAROX,Anggota Batugamping,Tuhur Formation,Sediment: clactic: evaporite,Sedimentation: neritic: shallow,Sedimentation: neritic: shallow,TRIASSIC,0.96751467,3.23E-03
100.9173426,-1.021660246,100.9173426,-1.021660246,TRts,114,#FFE4B5,SOLOK,815,SUMAROX,Anggota Batusabak dan Serpih,Tuhur Formation,Metamorphic: slate,Metamorphism: regional: low-grade,Metamorphism: regional: low-grade,TRIASSIC,3.133903639,3.19E-02
